{
    "cameras": {
        "0": {
            "calib": {
                "extrinsics": [
                    [
                        0.022224821164510633,
                        -0.9995934224451557,
                        0.017861890397892242,
                        -59.390056321052654
                    ],
                    [
                        -0.9995727740367701,
                        -0.02187804109022018,
                        0.019380937090110056,
                        -82.92293505912954
                    ],
                    [
                        -0.01898227406402327,
                        -0.01828499719539022,
                        -0.9996526057330731,
                        1053.427471660329
                    ]
                ],
                "intrinsics": [
                    [
                        1611.8243386971264,
                        0.0,
                        822.9286458333333
                    ],
                    [
                        0.0,
                        1611.8243386971264,
                        586.8619791666667
                    ],
                    [
                        0.0,
                        0.0,
                        1.0
                    ]
                ],
                "size": [
                    1646.0,
                    1173.0
                ]
            },
            "observations": {
                "0": [
                    804.900423154527,
                    580.3822326953905
                ],
                "1": [
                    803.480339004047,
                    580.1386009711246
                ],
                "10": [
                    872.0005711364649,
                    789.9850694549148
                ],
                "100": [
                    490.1900272244257,
                    715.6164143858044
                ],
                "101": [
                    531.3572170812415,
                    1058.683470231075
                ]
                
            }
        },
        "1": {
            "calib": {
                "extrinsics": [
                    [
                        0.9745482800536519,
                        0.22417764680065905,
                        -0.00018033132705927435,
                        157.02928661966638
                    ],
                    [
                        0.10429303063798005,
                        -0.45409592443874236,
                        -0.8848275849952179,
                        415.1200344362876
                    ],
                    [
                        -0.1984404535492043,
                        0.8622883938004982,
                        -0.4659185683272809,
                        599.3292418327413
                    ]
                ],
                "intrinsics": [
                    [
                        2533.6042401468076,
                        0.0,
                        822.9286458333333
                    ],
                    [
                        0.0,
                        2533.6042401468076,
                        586.8619791666667
                    ],
                    [
                        0.0,
                        0.0,
                        1.0
                    ]
                ],
                "size": [
                    1646.0,
                    1173.0
                ]
            },
            "observations": {
                "10": [
                    677.0377008205379,
                    1108.2093656938225
                ],
                "100": [
                    975.7062582687462,
                    676.2271217039162
                ],
                "101": [
                    331.8443282185376,
                    503.91734556261605
                ],
                "102": [
                    193.28710257330243,
                    647.985033049455
                ],
                "103": [
                    348.86315817613104,
                    930.0363078741527
                ],
                "105": [
                    1141.7405187787413,
                    723.3330163574665
                ]
            }
        }
    },
    "worldPoints": {
        "0": [
            -63.98278837612666,
            -37.04519583018026,
            442.26869959447407
        ],
        "1": [
            -62.26732315005827,
            -38.90329008942858,
            445.9050089969898
        ],
        "10": [
            -151.72382133243838,
            -65.5178745456055,
            412.2214461741724
        ],
        "100": [
            -122.00530041821203,
            87.3229573177669,
            410.82531733965453
        ],
        "101": [
            -247.82661043954906,
            66.81855792846815,
            449.57715880970204
        ],
        "102": [
            -244.54423265763586,
            5.354743474165374,
            447.5206960901539
        ],
        "103": [
            -198.3691912602454,
            -57.212317269888004,
            431.76978036823954
        ],
        "104": [
            -136.73234974060367,
            -187.32998903874105,
            432.837325191187
        ],
        "105": [
            -89.00567102855126,
            72.02219832762557,
            412.40691305513457
        ]
    }
}